{"chunk_definitions":[{"row":9,"row_count":1,"visible":true,"expansion_state":0,"options":{"engine":"r","label":"setup","include":false,"dev":"png"},"document_id":"42937332","chunk_id":"csetup_chunk","chunk_label":"setup"},{"row":49,"row_count":1,"visible":true,"expansion_state":0,"options":{"engine":"r","label":"lowBF","dev":"png"},"document_id":"42937332","chunk_id":"c75n0xyx2t9m7","chunk_label":"lowBF"},{"row":80,"row_count":1,"visible":true,"expansion_state":0,"options":{"engine":"r","label":"highBF","dev":"png"},"document_id":"42937332","chunk_id":"cfssn6yq5ydxt","chunk_label":"highBF"},{"row":94,"row_count":1,"visible":true,"expansion_state":0,"options":{"engine":"r","label":"pressure","dev":"png"},"document_id":"42937332","chunk_id":"cd74j0iwymlm5","chunk_label":"pressure"},{"row":136,"row_count":1,"visible":true,"expansion_state":0,"options":{"engine":"r","label":"unnamed-chunk-11","dev":"png"},"document_id":"42937332","chunk_id":"c4ssbonveib3f","chunk_label":"unnamed-chunk-3"}],"doc_write_time":1744902894}