id,week,date,male,age,nationality,origin,language_1,language_2,civil,hcomp,hcomp_other,benefit_2y_1,benefit_2y_2,benefit_2y_3,educ,work_2y,work_2y_type_1,work_2y_type_2,work_2y_type_3,work_2y_type_other,exp_1,exp_2,exp_3,exp_4,exp_5,exp_6,cont_1,cont_2,cont_3,cont_4,cont_5,cont_6,cont_7,cont_8,cont_9,cw_1,cw_2,cw_3,cw_4,cw_5,cw_6,cw_7,cw_8,cw_9,sat,exempt,exempt_reason_1,exempt_reason_2,exempt_reason_other,eff_beh_1,eff_beh_2,eff_beh_3,eff_beh_4,eff_beh_5,eff_beh_6,eff_beh_7,eff_beh_8,eff_beh_9,eff_out_1,eff_out_2,eff_out_3,eff_out_4,eff_out_5,eff_out_6,eff_out_7,intensity_pl,effort_pl,sw_01,sw_02,sw_03,sw_04,sw_05,sw_06,sw_07,sw_08,sw_09,sw_10,sw_11,sw_12,sw_13,sw_14,soc_belonging,rm_01,rm_02,rm_03,rm_04,rm_05,rm_06,rm_07,rm_08,rm_09,rm_10,rm_11,rm_12,cw,treatment,sa,sa_reason,sa_reason_other,cw_ass
6072,42,18102017,0,22,0,0,0,,1,3,,0,,,3,1,2,,,,4,1,4,3,4,1,4,4,4,4,4,4,4,4,4,4,4,4,4,4,4,4,4,4,7,4,4,5,geen idee hoe het verder gaat verlopen,3,5,3,3,3,3,3,5,3,3,3,5,1,1,3,2,2,4,6,5,5,4,5,5,5,5,5,1,1,1,5,5,3,5,5,5,4,6,4,5,3,3,4,5,3,6,1,1,,,5
2156,42,18102017,1,21,0,0,0,,1,5,thuis inwonend met ouders,0,,,3,2,2,,,,4,4,3,3,4,1,4,4,4,4,4,4,4,4,4,5,5,5,5,5,5,5,5,5,8,1,2,,,4,2,1,2,1,1,1,1,1,1,1,2,3,3,2,1,0,3,3,1,2,1,1,1,1,9,9,9,9,5,9,9,2,5,4,5,6,8,4,8,7,7,3,5,7,14,0,0,,,5
9700,42,19102017,1,21,0,0,0,,1,5,thuis inwonend met moeder,0,,,3,3,,,,,3,3,2,4,4,2,4,4,3,3,4,99,3,5,3,4,4,4,3,4,4,3,4,4,8,1,1,,,,,,,,,,,,,,,,,,,,,5,2,4,1,3,3,3,5,6,5,7,5,7,8,2,5,4,5,5,8,3,5,4,3,4,3,6,7,1,1,,,5
3962,43,26102017,1,64,0,0,0,,2,2,,2,,,5,2,3,,,,3,1,5,1,4,1,5,5,5,5,5,5,5,5,5,5,5,5,5,5,5,5,5,5,8,3,,,,5,5,5,5,5,5,5,5,5,1,1,5,3,3,1,3,5,5,7,8,8,8,4,8,8,1,1,1,1,1,1,1,4,5,4,5,5,8,2,5,8,7,1,3,6,5,1,1,,,4
7759,43,26102017,0,65,0,0,0,,2,2,,0,,,3,3,,,,,1,2,1,2,1,2,5,5,5,5,5,4,4,4,4,4,4,4,4,4,4,4,4,4,8,1,5,,AOW,,,,,,,,,,,,,,,,,,,7,7,7,7,7,7,7,2,2,2,2,2,2,2,3,5,4,5,5,8,4,,,3,7,,5,5,1,1,,,4
3720,43,25102017,1,53,0,0,0,,1,1,,1,2,,4,2,2,,,,4,2,4,2,4,2,4,4,4,4,4,4,4,4,4,4,4,4,4,4,4,4,4,4,8,3,,,,4,4,3,4,4,4,4,4,4,3,4,4,4,4,3,3,4,4,6,6,6,5,5,6,5,9,7,4,6,6,6,6,4,5,4,5,5,8,3,5,8,7,,,2,10,0,0,,,4
1155,43,25102017,0,46,0,0,0,,3,1,,4,,,3,1,7,,,,3,3,3,2,4,1,4,4,4,4,4,3,3,5,5,5,5,5,5,5,5,5,5,5,10,1,1,,,,,,,,,,,,,,,,,,,,,1,1,1,1,1,1,1,9,9,9,9,5,9,9,1,5,4,5,5,8,5,5,2,6,4,7,8,5,1,0,3,Participant could not think of any successes in her life.,3
6639,44,30102017,1,37,0,0,0,,2,1,,0,,,3,3,,,,,4,2,5,3,5,1,4,5,5,4,4,4,4,4,3,5,4,5,4,4,4,4,3,4,9,3,,,,3,4,3,4,4,3,4,4,2,3,3,5,4,4,3,2,3,4,5,7,7,5,6,6,8,6,8,4,5,3,5,7,3,5,4,5,6,8,5,5,5,7,1,1,6,5,1,1,,,3
3006,44,30102017,1,22,0,0,0,,1,1,,0,,,5,4,,,,,5,3,4,2,4,1,5,5,5,5,5,4,4,5,5,5,5,5,5,5,5,5,5,5,9,3,,,,5,5,5,3,5,5,5,5,5,4,4,5,4,4,5,3,5,5,6,9,9,1,9,9,9,1,4,1,1,9,1,1,4,5,5,5,5,4,3,5,5,7,1,1,3,14,0,0,,,4
3421,44,30102017,1,33,3,3,0,,1,1,,,,,1,1,3,,,,4,2,4,2,4,2,4,4,99,4,4,4,99,4,4,4,5,5,4,5,5,4,4,5,9,3,,,,1,5,5,1,5,5,4,5,5,5,5,5,4,5,4,5,2,5,8,8,9,3,8,8,8,1,1,2,2,2,2,2,4,5,4,5,4,8,4,7,8,7,1,5,7,1,1,1,,,4
7740,44,31102017,0,58,0,0,0,,3,3,,2,,,4,2,8,,,,4,2,4,2,4,2,4,4,4,4,4,4,4,4,4,4,4,4,4,4,4,4,4,4,8,1,5,,ben ziek gemeld,,,,,,,,,,,,,,,,,,,5,5,5,5,5,5,5,5,5,5,5,5,5,5,4,5,4,5,2,8,4,5,8,7,1,7,7,9,0,0,,,4
5779,44,31102017,0,30,0,0,0,,1,1,,0,,,5,2,2,3,,,2,4,2,4,2,4,4,2,4,4,4,4,4,4,2,5,5,5,5,4,5,4,2,4,6.5,3,,,,5,5,5,4,5,4,5,5,5,5,5,5,4,4,3,4,4,4,6,6,5,4,6,5,6,6,7,6,6,7,6,8,2,5,4,5,5,8,3,5,6,7,1,5,2,3,1,1,,,3
8738,44,1112017,1,33,0,0,0,,1,1,,0,,,4,3,,,,,4,2,4,2,4,2,4,4,4,4,4,,,,,,,,,,,,,,,1,1,,,,,,,,,,,,,,,,,,,,,3,4,4,4,4,3,6,4,6,2,2,3,4,7,2,5,4,5,5,8,2,5,8,7,1,1,2,10,0,0,,,4
6487,44,31102017,0,22,0,4,0,4,1,5,thuis inwonend met moeder,0,,,3,4,,,,,4,2,4,2,4,2,4,4,4,4,4,4,4,4,4,4,4,4,4,4,4,4,4,4,7,3,,,,4,4,3,1,3,4,3,4,4,4,4,4,4,3,4,3,1,3,3,3,3,3,3,3,5,5,4,4,4,5,4,4,3,5,4,5,5,8,2,5,6,7,1,1,2,13,0,0,,,4
1253,44,3112017,1,60,0,0,0,,1,1,,1,2,6,4,2,6,,,,4,2,4,2,4,2,4,4,4,5,5,4,4,5,4,5,5,4,5,5,5,5,5,5,8,3,,,,3,4,3,2,3,4,4,4,5,3,3,4,3,3,2,2,2,4,3,3,5,4,5,5,6,5,6,7,3,3,6,5,3,5,5,1,4,8,3,5,,7,,1,8,1,1,1,,,5
1190,45,6112017,0,28,0,0,0,,1,1,,1,2,,4,1,1,2,3,,3,3,3,3,4,1,5,5,5,5,5,5,2,5,4,4,4,4,4,4,4,4,4,4,9,1,1,,,,,,,,,,,,,,,,,,,,,2,4,4,1,2,3,6,5,4,1,1,6,3,3,2,5,4,5,5,8,4,5,2,7,1,7,7,5,1,1,,,3
6253,45,6112017,1,34,0,0,0,,1,1,,2,3,,3,3,,,,,2,3,1,5,2,3,4,3,2,3,3,3,3,3,3,4,4,4,3,4,4,3,3,3,7,4,,,,3,1,2,3,2,2,2,3,2,1,1,1,1,1,1,1,1,2,2,2,2,2,2,2,2,8,8,6,8,6,8,8,2,5,4,1,5,8,3,5,7,7,7,,7,10,0,0,,,3
9190,45,6112017,0,62,0,0,0,,4,1,,0,,,3,1,8,,,,4,3,3,4,4,3,4,4,2,4,4,99,99,99,4,4,4,4,4,4,4,4,4,4,7,1,2,,,,,,,,,,,,,,,,,,,,,6,5,5,4,5,5,4,4,3,4,4,3,5,7,4,5,4,5,4,8,3,5,,7,7,1,,11,0,0,,,4
8808,45,7112017,0,54,0,5,0,,3,3,,0,,,4,3,,,,,99,99,5,99,99,99,5,5,99,5,99,99,99,5,99,5,5,5,5,5,5,4,4,5,8,3,,,,2,2,4,,,,,,,,,,,,,,4,,1,1,1,1,1,1,1,1,7,7,6,1,7,6,2,5,4,5,4,8,3,5,7,7,1,8,7,9,0,0,,,4
1418,45,8112017,0,46,0,6,0,,1,1,,2,,,5,1,2,8,,,4,2,4,2,4,2,5,4,4,4,4,4,3,4,4,5,5,5,5,5,5,5,5,5,8,3,,,,4,5,5,5,5,5,5,5,5,2,3,4,4,2,3,4,5,5,7,7,7,7,7,6,8,6,3,3,7,2,6,3,3,5,4,5,5,8,3,5,6,7,1,1,3,10,0,0,,,4
4974,45,8112017,1,29,0,0,0,,1,5,thuis inwonend met ouders,2,,,3,2,3,,,,4,2,4,3,4,1,5,4,4,5,5,4,3,4,3,4,4,4,4,4,4,3,4,3,7,3,,,,4,4,3,3,3,2,4,4,4,1,5,4,3,3,4,3,5,5,4,4,5,5,6,7,5,2,6,3,3,2,2,2,,5,4,5,2,8,3,5,2,7,1,6,7,5,1,1,,,4
1431,45,8112017,1,37,0,7,0,,1,1,,0,,,4,2,1,,,,4,2,4,2,5,1,4,5,4,4,4,4,4,5,4,5,5,5,5,5,5,5,5,5,8,3,,,,5,5,5,5,5,4,4,4,4,4,5,5,5,5,5,5,2,4,4,4,5,3,3,4,8,7,7,5,5,8,7,5,3,5,4,5,6,8,5,8,2,5,6,7,7,2,1,1,,,5
4837,45,9112017,0,48,0,0,0,,1,3,,3,,,5,3,,,,,5,1,4,2,5,1,5,5,5,5,5,99,99,5,5,5,5,5,5,5,5,5,5,5,9,2,,,,5,3,3,2,3,3,5,5,5,3,3,3,3,3,1,2,1,3,5,5,6,5,5,5,7,6,6,3,2,2,3,2,6,5,4,5,5,8,3,5,7,7,1,5,2,11,0,0,,,
3108,45,10112017,1,40,0,0,0,,3,1,,1,,,3,3,,,,,3,4,4,2,3,1,4,4,4,4,4,4,4,4,2,4,4,4,4,4,4,3,4,4,7,1,2,,,,,,,,,,,,,,,,,,,,,4,4,5,5,5,5,5,5,5,2,1,4,5,5,2,5,4,5,6,8,5,5,5,7,8,3,7,3,1,1,,,4
8034,45,7112017,0,23,0,8,0,,1,5,thuis inwonend bij stiefvader,0,,,3,3,,,,,4,2,4,2,4,2,4,4,4,4,4,3,4,4,4,4,4,4,4,4,4,4,4,4,7,1,2,,,,,,,,,,,,,,,,,,,,,6,5,5,5,5,5,3,4,3,1,5,5,5,5,2,5,4,5,5,8,3,5,4,7,7,4,1,14,0,0,,,4
8850,45,10112017,0,23,0,0,0,,1,5,met een huisgenoot op een studentenkamer,0,,,5,2,2,9,,stage (10 maanden),4,1,4,1,4,1,5,5,4,4,4,99,99,4,3,5,5,5,5,5,5,5,3,5,8,3,,,,5,5,5,2,5,4,5,5,5,4,4,4,4,4,4,2,0,0,8,8,8,8,8,8,8,2,2,1,3,1,1,1,4,5,4,5,5,8,2,5,5,7,1,1,2,12,0,0,,,5
3775,45,10112017,0,25,0,10,0,,1,5,bij tante en oom,0,,,4,1,1,,,,4,4,4,3,,3,5,5,5,5,5,5,4,4,4,3,3,4,4,4,4,4,4,4,2,3,,,,1,3,2,3,4,4,4,4,4,4,5,3,4,4,4,4,5,4,9,8,9,9,9,9,9,5,9,5,5,5,3,2,6,5,4,5,3,6,7,6,7,4,8,1,2,14,0,0,,,4
8512,45,8112017,1,50,0,0,0,,1,5,inwonend bij moeder,1,2,,4,2,3,6,,,4,2,4,2,3,1,4,3,5,5,5,5,3,5,3,4,4,4,4,4,4,4,4,4,7,3,,,,3,5,5,3,5,4,5,4,3,3,2,3,2,2,3,1,3,3,2,3,3,2,2,2,6,5,5,2,2,3,6,5,3,5,4,5,5,8,2,5,2,7,1,8,6,8,0,0,,,4
6554,46,14112017,0,34,0,0,0,,1,1,,0,,,3,1,1,2,,,3,2,2,2,3,1,4,4,4,4,4,4,2,4,3,4,4,4,4,3,4,4,4,4,8,3,,,,2,5,4,2,4,5,5,5,5,5,5,5,4,3,4,2,4,4,1,1,1,1,1,1,1,9,4,4,5,2,5,5,2,5,4,5,4,8,2,5,8,7,1,5,,2,1,1,,,4
8971,46,13112017,0,18,0,0,0,,1,5,thuis inwonend,0,,,2,4,,,,,4,3,3,2,4,1,4,4,3,3,3,99,4,4,4,4,4,4,4,4,4,4,4,4,7,1,1,,,4,2,2,1,2,1,1,1,2,1,2,2,1,1,1,1,0,0,4,3,5,3,5,5,3,7,6,3,3,4,6,7,2,5,4,5,5,8,3,5,6,7,1,1,7,14,0,0,,,4
1890,46,14112017,0,20,0,0,0,,1,5,instelling,1,,,3,3,,,,,4,3,4,4,4,1,5,4,3,4,4,4,3,5,5,5,4,4,4,4,4,5,5,5,7,1,5,,"momenteel zwanger, medische klachten, ptss",3,3,1,3,1,1,3,3,1,1,1,3,1,1,1,1,0,2,3,1,1,1,1,1,1,9,8,5,9,1,9,9,4,5,5,5,6,4,3,7,2,8,3,1,4,12,0,0,,,5
2575,46,15112017,1,42,0,9,0,5,3,1,,1,,,3,2,1,,,,4,2,4,2,2,2,4,4,4,3,4,4,4,4,4,5,4,5,4,99,5,5,4,4,8,4,,,,3,3,4,3,3,4,3,3,3,3,2,3,2,3,2,2,2,3,1,1,1,1,1,1,4,8,8,6,7,7,9,9,4,5,5,6,6,8,4,5,4,7,1,1,4,4,1,1,,,4
9954,46,15112017,0,62,0,0,0,,2,2,,4,,,1,3,,,,,5,1,5,2,4,1,4,5,4,4,4,4,4,4,5,5,4,4,4,4,5,5,5,5,8,1,1,,,,,,,,,,,,,,,,,,,,,7,7,7,7,7,7,7,6,6,6,6,6,6,6,2,5,4,5,4,8,3,4,8,7,1,4,4,5,1,1,,,3
9953,46,15112017,1,63,0,0,0,,2,2,,2,,,1,3,,,,,5,1,5,2,5,2,4,4,4,4,4,4,4,4,5,5,5,5,5,5,5,5,5,5,10,1,3,,,,,,,,,,,,,,,,,,,,,6,6,6,5,6,4,6,5,5,1,2,5,5,5,2,5,4,5,4,8,5,4,8,7,1,4,4,5,1,1,,,3
4578,46,17112017,0,28,0,0,0,,1,4,,1,,,3,1,1,3,,,5,2,5,1,5,1,5,5,5,5,5,5,4,5,3,5,4,5,5,1,5,5,5,5,7,3,,,,4,4,3,4,2,4,4,4,2,3,4,3,2,2,3,4,1,3,4,3,5,6,5,4,6,4,4,2,6,8,3,8,4,5,4,5,5,8,3,4,1,3,7,4,4,6,1,1,,,5
9746,46,17112017,1,25,0,0,0,,1,4,,1,,,1,2,7,,,,4,4,4,4,4,1,4,4,4,4,4,99,99,4,4,4,4,4,4,4,4,4,4,4,8,2,,,,3,3,2,1,1,1,1,1,2,2,1,1,1,1,1,1,0,0,1,1,3,1,1,1,1,4,2,1,1,1,1,3,1,5,4,6,4,4,4,1,4,3,6,8,5,6,1,1,,,4
8397,46,16112017,0,64,0,0,0,,3,1,,0,,,1,3,,,,,1,5,1,4,,5,2,1,1,1,1,2,1,1,1,3,2,3,1,1,1,1,1,2,3,3,,,,3,1,1,1,1,1,3,3,1,1,1,2,1,2,2,1,1,2,1,1,1,1,3,2,1,7,8,9,8,5,8,9,2,,,,,,,,,,,,,2,1,0,3,Had geen positieve zaken te vermelden,4
7508,47,21112017,1,49,0,0,0,,3,3,,0,,,5,2,2,,,,5,1,5,1,4,1,5,5,5,5,5,4,4,5,4,5,4,4,5,4,4,5,4,5,9,3,,,,1,4,4,3,3,3,4,3,5,2,4,4,2,3,2,3,3,4,4,8,6,5,4,4,3,4,7,6,8,5,5,6,5,4,1,6,5,8,4,5,8,1,7,6,4,1,1,1,,,4
3691,47,21112017,1,40,0,0,0,,1,5,inwonend bij vader,0,,,1,3,,,,,4,2,1,1,4,1,4,4,4,4,4,4,4,4,4,4,4,4,4,4,4,4,4,4,7,3,,,,2,99,99,1,1,1,1,1,1,1,1,1,1,1,1,1,,5,1,1,1,1,1,1,1,1,1,1,9,9,9,9,1,5,5,1,1,7,1,1,1,1,3,2,1,8,0,0,,,4
9368,47,22112017,0,26,0,0,0,,1,1,,2,,,5,1,2,,,,4,3,3,3,4,2,4,4,4,3,4,99,99,4,3,4,4,4,4,4,4,4,4,4,8,1,5,,opleiding met behoud van uitkering,,,,,,,,,,,,,,,,,,,6,6,6,7,6,6,6,4,4,3,3,3,3,3,5,5,4,5,5,,2,5,8,7,1,4,2,14,0,0,,,4
2996,48,28112017,0,28,0,2,0,2,1,3,,2,3,6,3,2,2,,,,4,3,4,2,3,1,4,4,4,3,4,4,4,4,5,5,4,4,4,4,4,4,4,5,9,2,4,,,4,4,3,3,3,3,3,3,4,2,1,1,3,3,2,2,5,4,1,1,3,1,5,1,1,2,1,5,4,4,4,3,4,5,4,5,5,8,4,5,6,7,1,1,4,4,1,1,,,5
1469,48,30112017,1,22,11,11,6,,1,1,,1,,,4,3,,,,,,5,5,2,4,1,5,5,5,4,4,4,4,4,5,5,5,5,5,5,5,5,5,4,10,3,,,,3,5,3,4,4,4,4,4,4,4,4,5,4,3,3,3,0,0,7,7,8,7,7,7,6,1,2,1,1,1,1,1,5,5,4,5,5,8,2,5,7,7,1,3,2,12,0,0,,,4
9216,48,30112017,0,33,0,12,0,6,2,3,,0,,,4,1,2,,,,5,2,5,2,5,1,5,1,5,5,5,5,99,5,5,5,5,5,4,99,4,5,5,5,9,3,,,,5,4,3,2,3,3,4,4,3,3,2,4,3,3,4,3,2,4,4,4,5,4,4,5,5,5,5,5,5,5,4,4,2,5,4,5,6,8,3,5,2,7,1,1,1,5,1,1,,,4
1854,48,1122017,1,57,0,0,0,,1,1,,2,,,4,2,3,,,,4,2,4,2,4,1,4,4,4,4,4,4,4,4,4,4,4,4,4,4,4,4,4,4,8,3,,,,3,3,3,3,3,3,4,4,2,2,2,2,2,2,2,2,2,4,3,5,5,5,5,4,4,7,6,2,2,2,2,2,2,5,4,5,5,8,3,5,8,7,1,1,4,4,1,1,,,5
6768,49,5122017,1,21,0,0,0,,1,5,inwonend bij ouders,0,,,3,2,3,,,,4,1,5,2,4,1,5,5,5,5,5,4,4,5,4,5,5,5,5,5,5,5,4,5,9,2,,,,4,3,3,2,3,2,4,4,3,3,4,4,2,2,2,3,3,3,4,4,4,1,3,4,5,6,6,2,5,7,7,7,4,5,1,5,4,8,4,5,3,3,4,5,4,2,1,1,,,4
8816,50,11122017,1,56,0,0,0,,1,1,,2,6,,4,2,2,,,,5,2,4,2,4,2,4,4,4,4,4,4,4,4,4,5,5,5,5,5,5,5,5,5,8,3,,,,3,3,3,3,3,4,4,4,4,3,3,3,3,3,3,3,4,4,6,6,6,5,5,6,6,5,6,4,4,3,3,5,2,5,4,5,4,8,2,5,7,7,7,4,7,9,0,0,,,4
7018,50,11122017,0,25,0,0,0,,1,5,inwonend bij ouders,0,,,3,2,2,3,,,4,1,4,2,5,1,4,4,4,4,4,99,99,4,4,4,4,4,4,4,4,4,4,4,8,2,,,,3,3,2,2,2,3,2,3,2,3,2,3,2,2,2,2,,,5,4,4,4,3,3,3,3,2,3,4,4,3,3,2,5,4,5,6,8,7,1,2,1,4,8,4,14,0,0,,,4
7971,50,11122017,0,60,0,0,0,,3,1,,2,,,4,3,,,,,5,2,5,3,5,1,5,5,5,5,5,5,5,5,5,5,5,5,5,5,5,5,5,5,10,1,2,,,,,,,,,,,,,,,,,,,,,3,4,1,2,2,2,2,2,2,3,9,1,9,9,2,5,5,6,5,4,4,3,4,7,7,1,7,1,1,1,,,5
2075,50,12122017,1,23,0,13,0,,1,1,,1,,,4,2,9,,,dagbesteding volwassenen,4,2,4,1,3,1,5,3,4,4,99,99,4,5,5,4,4,4,4,4,4,4,4,4,8,1,2,,,,,,,,,,,,,,,,,,,,,5,7,7,6,8,8,8,2,1,1,1,8,1,1,2,5,4,5,5,8,2,5,6,7,1,7,7,2,1,1,,,5
3132,50,12122017,1,61,0,0,0,,3,1,,6,,,4,2,3,,,,5,2,1,1,4,99,4,4,4,4,4,4,4,4,4,4,4,4,4,4,4,4,4,4,7,3,,,,3,1,2,3,3,3,3,3,3,1,3,3,1,1,1,1,5,4,6,3,7,5,7,7,7,5,7,1,1,6,6,6,3,5,4,5,3,8,3,5,8,7,1,1,2,4,1,1,,,5
4990,50,13122017,0,22,0,0,0,,1,5,inwonend bij ouders,2,,,4,2,2,,,,4,2,3,2,3,1,4,4,3,4,4,4,4,4,3,4,4,4,4,4,4,3,4,4,8,3,,,,4,4,4,2,3,3,3,4,4,1,2,3,3,2,2,3,2,3,5,5,4,3,3,4,2,5,6,5,5,6,5,4,3,5,4,5,6,8,3,2,2,3,3,5,7,14,0,0,,,4
2512,50,14122017,0,37,0,0,0,,3,5,met kinderen inwonend bij vader,1,,,5,2,2,,,,99,2,3,2,3,2,4,4,4,4,4,99,99,4,5,5,5,5,5,5,5,5,5,5,9,1,1,2,,,,,,,,,,,,,,,,,,,,3,2,3,1,3,2,2,8,8,1,1,1,8,9,2,5,4,5,5,8,2,5,8,7,7,1,6,11,0,0,,,
3800,50,14122017,0,25,0,0,0,,1,3,,0,,,3,3,,,,,5,2,5,1,5,1,4,4,5,4,4,5,4,5,4,5,5,5,5,5,5,5,5,5,8,3,,,,2,4,4,1,4,3,4,4,3,2,3,4,3,3,3,2,1,4,3,3,2,2,3,2,2,6,5,4,4,1,3,3,4,5,4,5,1,8,3,5,6,7,7,4,4,7,1,1,,,4
7763,50,15122017,0,27,0,15,7,,1,1,,0,,,5,2,9,,,stage,4,2,4,1,4,1,4,3,4,2,5,5,3,3,99,4,4,4,4,3,4,4,4,4,8,3,,,,4,5,3,2,3,4,4,5,5,2,3,3,3,2,3,3,3,4,4,5,5,4,5,5,5,4,4,2,2,2,2,1,4,5,4,5,4,8,1,6,2,3,7,5,7,11,0,0,,,5
7325,51,19122017,0,29,0,0,0,,1,3,,0,,,4,1,1,,,,5,2,4,2,4,2,5,4,4,4,4,4,99,4,4,5,5,5,5,5,5,5,5,5,8,1,4,,,4,4,4,4,4,4,4,4,4,4,4,4,4,4,4,4,0,3,8,8,8,7,7,7,6,2,2,2,3,1,2,2,1,5,4,5,4,8,3,5,6,,,,7,5,1,1,,,4
5820,51,19122017,0,26,0,0,0,,1,1,,2,,,5,2,2,,,,4,3,2,2,4,2,5,5,4,4,4,4,2,4,4,4,4,4,4,4,4,5,4,4,7,3,,,,4,5,4,3,4,5,5,5,5,4,4,5,4,4,3,3,3,4,7,7,6,7,7,7,7,4,4,4,6,4,6,7,3,5,4,5,4,8,5,5,7,7,7,1,7,6,1,1,,,4
8344,51,19122017,1,18,0,0,0,,1,1,,1,,,3,2,3,,,,5,2,5,2,5,1,5,5,5,4,4,4,4,5,5,5,5,5,5,5,5,5,5,5,9,1,2,,,,,,,,,,,,,,,,,,,,,7,7,8,6,9,7,7,2,1,1,1,1,1,1,2,5,4,5,5,8,3,5,8,6,7,1,7,14,0,0,,,4
3323,51,18122017,1,52,0,14,0,,3,1,,2,,,4,,,,,,4,2,4,2,4,2,4,4,4,4,4,4,4,4,4,4,4,4,4,2,4,4,4,4,8,3,,,,4,4,4,3,4,3,4,4,4,4,2,2,2,2,1,1,5,4,8,8,8,5,8,8,7,5,5,4,5,4,2,1,1,,,,,8,5,5,7,8,6,8,8,5,1,1,,,3
1857,51,20122017,0,48,0,0,0,,1,1,,0,,,3,3,,,,,4,2,4,2,3,2,4,3,4,4,4,3,3,4,4,4,4,4,4,4,4,4,4,4,8,4,,,,,,,,,,,,,,,,,,,,0,1,1,1,1,1,1,1,1,9,9,5,3,1,6,7,3,5,1,5,3,3,6,7,7,6,7,2,8,10,0,0,,,4
1122,51,20122017,1,56,0,0,0,,3,1,,0,,,3,3,,,,,4,2,4,2,4,1,4,4,4,4,4,4,4,4,5,5,5,5,5,5,5,5,5,5,9,2,,,,1,3,2,1,3,2,3,3,2,1,2,3,1,1,1,1,1,2,1,1,4,4,4,4,3,8,8,8,9,7,8,9,2,5,4,5,5,8,3,5,1,7,7,1,7,4,1,1,,,5
5337,51,20122017,1,20,0,16,0,,1,1,,0,,,1,2,8,,,,4,1,4,1,4,1,2,4,4,4,4,5,4,5,5,5,5,4,5,5,5,5,5,5,9,1,5,,vrijwiligerswerk,,,,,,,,,,,,,,,,,,,5,4,3,3,4,3,7,7,5,1,6,6,6,8,2,5,4,5,6,8,2,5,6,7,1,1,2,6,1,1,,,4
1527,51,20122017,0,28,17,18,0,8,1,3,,1,,,3,2,2,8,,,3,2,5,1,4,1,5,4,5,5,5,5,5,5,5,5,5,5,5,5,5,5,4,5,10,2,,,,4,5,4,3,3,4,5,4,3,4,4,4,3,3,3,2,3,4,7,7,6,6,7,6,5,4,1,1,1,1,1,1,4,5,4,5,5,8,3,5,4,7,7,6,3,5,1,1,,,3
6056,51,21122017,1,58,0,0,0,,3,1,,2,,,3,2,1,2,,,4,2,4,2,4,2,4,4,4,4,4,4,4,2,4,4,4,4,4,4,4,4,4,4,10,3,,,,4,4,2,2,4,4,4,4,4,2,2,2,3,1,1,1,4,4,9,9,9,8,7,7,7,1,1,1,1,1,1,1,3,5,5,6,5,8,8,3,7,,,,,8,0,0,,,4
6615,52,27122017,0,20,0,0,0,,1,1,,1,,,3,4,,,,,4,3,3,3,3,1,5,5,5,5,5,99,99,5,5,5,5,5,5,5,5,5,5,5,8,1,5,,kann op dit moment niet werken,,,,,,,,,,,,,,,,,,,1,1,1,1,1,1,1,7,9,1,1,1,1,7,1,5,4,5,5,8,3,5,6,7,1,3,2,6,1,1,,,3
7137,52,27122017,1,42,1,1,0,,2,5,beschermd wonen,1,,,3,3,,,,,5,1,5,1,5,1,5,5,5,5,5,5,5,5,4,5,5,5,5,5,5,5,5,5,8,1,1,,,,,,,,,,,,,,,,,,,,,5,5,5,5,5,5,5,5,6,7,5,5,5,5,3,5,4,5,6,8,3,4,7,4,7,1,4,2,1,1,,,5
3625,52,28122017,1,33,0,0,0,,1,1,,0,,,1,2,2,,,,4,2,3,2,5,2,5,5,5,4,4,4,4,5,5,5,5,5,5,5,5,5,5,5,8,2,,,,4,3,2,2,3,3,4,5,3,2,3,3,4,3,3,2,2,3,4,3,4,3,3,3,3,7,7,5,7,5,7,8,2,5,4,5,5,8,2,5,6,7,1,1,2,2,1,1,,,5
9900,52,28122017,1,63,0,20,0,,3,1,,1,,,5,3,,,,,4,99,4,99,4,2,4,4,5,5,5,4,4,4,4,5,5,5,5,5,5,5,5,99,9,3,,,,1,1,4,3,4,2,2,2,2,2,2,2,1,1,1,1,1,2,8,8,8,8,8,8,8,2,2,2,1,2,1,1,3,5,4,5,5,8,2,4,8,7,1,1,2,5,1,1,,,3
5147,52,29122017,0,20,0,19,0,,1,5,bij moeder,2,,,2,2,2,,,,3,3,3,4,3,2,3,3,2,2,2,3,3,3,3,4,3,3,3,3,4,4,4,4,6,1,2,,,,,,,,,,,,,,,,,,,,,5,4,5,4,4,4,4,4,7,1,5,6,4,4,2,5,4,5,5,8,8,3,1,4,2,4,6,14,0,0,,,3
2997,1,2012018,1,31,0,17,0,,1,1,,3,4,,3,3,,,,,4,2,4,2,5,2,4,5,4,4,4,4,4,4,4,5,5,5,5,5,5,5,5,5,8,3,,,,2,3,3,2,3,3,4,4,3,4,4,4,3,2,3,3,3,4,5,8,8,8,8,8,8,1,2,2,5,3,1,1,4,5,4,5,5,8,1,5,6,7,1,1,2,1,1,1,,,4
7376,1,3012018,0,42,0,0,0,,3,3,,4,,,3,3,,,,,4,2,4,2,4,2,4,4,4,4,4,4,4,4,3,4,4,5,4,4,5,5,4,4,8,2,1,,,,,,,,,,,,,,,,,,,,,5,7,6,6,6,7,7,3,3,2,5,2,2,2,4,5,4,5,5,8,3,5,4,1,1,7,8,3,1,1,,,4
6938,1,3012018,0,28,0,0,0,,1,1,,0,,,5,4,,,,,4,4,4,4,4,1,4,4,4,5,4,3,3,4,5,5,5,5,5,5,5,5,5,5,9,1,1,,,,,,,,,,,,,,,,,,,,,3,2,1,1,3,3,4,7,7,6,7,3,8,8,2,5,4,5,5,8,2,5,8,7,1,1,2,4,1,1,,,4
8212,1,3012018,1,62,0,0,0,,1,1,,1,,,5,3,,,,,5,1,4,1,5,1,5,5,5,5,5,4,3,5,4,5,5,5,5,5,5,5,5,5,10,3,,,,2,2,4,2,4,4,4,4,4,2,2,2,2,2,2,3,5,5,3,4,4,1,3,3,4,5,6,2,7,2,6,6,4,5,4,5,5,8,3,5,6,7,1,1,2,1,1,1,,,4
3622,1,3012018,1,30,0,0,0,,1,1,,0,,,5,2,3,9,,vakantiebaan,4,2,4,1,4,2,4,4,4,4,4,4,4,4,4,5,5,5,4,4,4,4,5,5,8,2,,,,4,4,4,2,3,3,5,5,4,2,4,4,3,3,3,3,3,4,7,4,7,6,7,6,6,7,6,1,2,5,3,4,4,5,4,5,5,8,2,5,6,7,1,1,2,5,1,1,,,4
3085,1,4012018,1,21,0,0,0,,1,5,bij plegevader,2,,,1,2,3,,,,4,2,4,2,3,1,4,3,4,4,4,4,4,4,4,4,4,4,4,4,4,4,3,4,9,3,,,,4,4,3,3,3,4,4,5,3,3,4,2,3,2,2,3,1,3,3,3,3,2,3,3,3,6,4,1,2,2,4,7,2,5,4,5,5,8,4,5,7,7,1,1,7,6,1,1,,,4
6133,1,4012018,1,59,0,20,0,,2,2,,0,,,3,1,1,,,,5,1,5,1,5,1,5,5,5,5,5,5,5,5,5,5,5,5,5,5,5,5,5,5,8,1,1,,,,,,,,,,,,,,,,,,,,,,,,,,,,,,,,,,,,5,4,6,6,4,3,5,7,1,2,2,8,8,0,0,,,4
6934,1,4012018,0,54,8,21,0,,2,2,,0,,,4,3,,,,,5,1,5,1,5,1,5,5,5,5,5,5,5,5,5,5,5,5,5,5,5,5,5,5,10,3,,,,1,1,1,1,5,1,1,1,1,1,1,1,1,1,1,1,1,0,7,9,9,5,7,7,9,1,1,1,1,1,1,1,5,5,2,5,5,8,2,7,2,3,4,1,3,8,0,0,,,4
4969,2,11012018,1,58,0,0,0,,1,1,,1,2,,4,2,2,3,,,4,2,5,2,4,3,5,5,5,4,4,99,99,1,4,99,99,99,99,99,99,99,99,99,8,3,,,,5,5,5,3,5,4,5,5,2,2,3,2,1,1,1,1,1,3,1,9,9,5,7,7,9,1,5,1,1,1,1,1,3,5,4,5,5,8,3,5,6,7,1,1,4,4,1,1,,,5
3698,2,12012018,1,32,0,0,0,,1,2,,5,,,3,1,8,,,,4,2,4,2,2,2,4,2,4,4,4,99,99,4,4,5,4,5,5,5,5,5,5,5,10,1,1,,,,,,,,,,,,,,,,,,,,,4,7,7,5,5,5,6,6,5,2,2,2,2,2,2,5,4,5,5,8,4,5,7,7,7,5,7,2,1,1,,,4
2475,2,12012018,0,28,0,22,0,,1,2,,1,,,4,2,2,,,,4,1,4,4,3,1,4,4,3,4,3,2,2,4,2,4,3,4,4,3,4,4,3,3,6,3,,,,3,1,1,1,5,5,5,5,5,3,3,3,,,,,,,5,5,5,5,5,4,5,5,5,1,1,1,1,9,5,5,2,5,3,8,3,3,2,3,3,8,3,2,1,1,,,4
4068,2,12012018,0,60,0,0,0,,3,1,,0,,,4,1,4,8,,,5,2,4,1,5,1,5,5,5,4,4,4,4,5,4,5,5,4,5,3,5,5,4,5,10,3,,,,5,5,5,4,5,4,5,5,5,3,5,5,4,4,5,3,2,4,5,5,5,5,5,5,8,2,5,2,1,1,5,3,3,5,5,5,6,8,3,5,7,7,4,5,2,8,0,0,,,4
7810,2,12012018,0,25,0,0,0,,1,3,,2,,,3,2,3,,,,4,2,4,2,4,1,4,4,4,4,4,4,4,4,4,4,4,4,4,4,4,4,4,4,8,3,,,,5,5,5,5,5,5,5,5,5,5,5,5,5,5,5,5,1,3,9,9,9,9,9,9,9,9,5,5,5,5,5,5,3,5,4,5,6,8,2,5,2,1,6,4,3,7,1,1,,,5
1113,2,12012018,1,23,0,21,0,,1,5,met vader,0,,,3,2,3,,,,4,3,4,3,4,3,4,4,4,4,4,4,4,4,4,4,4,4,4,4,4,4,4,4,8,3,,,,3,4,3,3,3,3,3,3,3,3,3,3,2,3,3,3,3,4,4,5,5,5,6,6,6,6,6,6,4,4,3,1,,5,4,5,5,4,3,5,4,3,3,3,3,14,0,0,,,4
5006,2,12012018,0,45,2,2,0,6,3,3,,1,,,5,2,2,,,,99,99,99,99,4,,4,99,4,4,4,99,99,4,99,5,4,5,4,99,4,4,5,5,8,1,2,,,,,,,,,,,,,,,,,,,,,1,4,6,4,5,6,7,4,8,8,2,8,7,9,2,5,4,5,5,8,3,5,8,7,1,1,2,5,1,1,,,3
2706,3,15012018,1,56,0,0,0,,1,1,,0,,,5,1,4,,,,99,1,3,3,5,1,5,5,5,5,5,4,4,4,4,4,5,5,5,4,5,5,4,4,8,2,,,,2,2,3,3,4,4,4,4,3,3,2,3,2,1,1,2,2,4,4,6,5,7,5,5,5,5,3,3,5,8,5,5,2,5,4,5,6,8,2,5,6,7,7,1,6,5,1,1,,,3
9050,3,16012018,1,26,0,0,0,,1,1,,0,,,5,1,2,,,,5,4,4,2,4,1,3,5,3,4,4,4,4,5,4,4,5,4,4,4,4,5,4,5,7,3,,,,4,4,4,3,4,3,5,5,4,4,4,4,4,4,2,3,3,4,7,7,6,4,4,5,6,6,5,4,5,4,6,6,3,5,4,5,5,6,3,5,6,7,1,1,6,6,1,1,,,4
7089,4,22012018,0,33,0,23,9,,3,3,,0,,,0,3,,,,,3,2,2,3,1,1,1,1,1,1,1,1,2,1,1,1,,,,,,,,2,8,4,,,,3,2,2,,3,3,3,3,,,,,,,,,5,3,,,,,,,,,,,,,,,2,5,2,,,8,3,,,,4,4,7,2,1,1,,,3
8491,4,23012018,0,58,0,0,0,,1,1,,2,,,2,1,8,,,,4,2,2,5,2,2,4,4,3,4,4,99,99,4,4,5,5,5,5,5,5,5,5,5,10,1,5,,WSW indicatie,,,,,,,,,,,,,,,,,,,9,7,7,8,8,8,7,3,3,3,3,3,3,3,6,5,4,5,2,8,3,5,1,7,7,4,1,2,1,1,,,3
8205,4,23012018,0,26,0,0,0,10,1,1,,0,,,1,1,1,,,,2,4,1,4,3,3,2,2,2,3,3,4,3,4,3,4,4,4,4,4,4,4,4,4,9,3,,,,5,5,5,5,5,5,5,5,5,5,5,5,3,3,1,3,2,5,1,1,1,1,1,1,1,9,9,8,5,5,5,5,2,5,5,5,5,8,3,8,3,7,2,5,4,4,1,1,,,5
7637,4,23012018,1,39,0,0,0,,1,1,,0,,,4,2,3,,,,5,2,4,2,2,2,5,5,5,5,4,4,4,5,4,5,5,5,5,5,5,5,4,5,10,,,,,,,,,,,,,,,,,,,,,3,4,1,1,1,1,1,1,1,9,9,5,5,5,5,9,2,5,4,5,5,,,,,1,7,1,4,3,1,1,,,4
3651,4,24012018,0,65,0,0,0,,3,1,,2,,,1,2,2,,,,4,1,3,3,4,3,3,4,3,4,4,4,4,3,5,5,99,5,5,99,5,5,5,5,8,3,,,,5,1,2,1,1,1,2,1,1,1,1,1,1,2,1,1,,4,2,1,7,2,1,1,5,1,1,1,1,1,1,1,1,5,5,5,4,4,,2,,7,,,,4,1,1,,,5
2567,4,25012018,1,49,0,0,0,,1,1,,2,,,4,2,3,8,,,4,2,4,1,3,1,5,3,5,5,5,4,3,4,3,5,4,4,5,3,4,4,3,4,7,3,,,,4,5,5,3,3,5,5,5,5,1,1,3,1,1,1,1,2,4,4,8,7,3,7,7,8,3,4,2,2,6,2,4,3,5,4,5,5,8,3,5,8,7,1,4,6,4,1,1,,,5
5893,4,25012018,0,53,0,0,0,,3,1,,1,2,,3,1,2,,,,4,2,4,2,4,2,4,4,4,4,4,4,4,4,4,4,4,4,4,4,4,4,4,4,8,3,,,,5,2,3,1,2,2,2,3,3,2,2,3,3,3,3,2,5,3,7,7,7,4,8,8,7,1,1,1,1,1,1,1,1,5,4,5,1,8,3,6,4,8,3,2,1,2,1,1,,,5
6771,5,29012018,1,21,0,0,0,,1,5,inwonend bij ouders,0,,,3,2,3,,,,4,3,4,2,4,2,5,4,4,4,4,5,4,4,3,5,4,4,4,4,4,2,4,4,6,3,,,,4,5,4,3,3,4,4,5,4,3,3,3,2,1,3,3,1,4,3,2,4,1,2,2,4,6,8,5,4,1,4,9,2,5,4,4,5,8,2,5,4,7,7,1,7,6,1,1,,,3
4403,5,29012018,0,47,0,0,0,,1,3,,4,,,3,3,,,,,5,1,5,1,5,1,5,5,5,5,5,5,5,5,5,5,5,5,5,5,5,5,5,5,10,1,1,,,,,,,,,,,,,,,,,,,,,5,7,7,5,7,7,6,3,2,1,1,1,1,1,4,5,4,,6,8,5,4,8,3,7,4,4,9,0,0,,,4
4661,5,30012018,1,18,0,0,0,,1,5,inwonend bij ouders,0,,,3,2,9,,,,4,2,4,2,4,1,4,4,4,4,4,4,4,4,4,5,5,5,5,5,5,4,4,4,8,4,,,,3,3,3,4,3,3,3,3,3,4,3,3,3,2,3,2,3,4,5,5,5,5,5,5,5,5,5,5,5,5,5,5,2,5,1,5,4,8,2,5,1,,4,6,8,12,0,0,,,5
1791,5,31012018,0,39,0,2,0,2,1,5,inwonend bij moeder,1,2,,3,2,2,,,,3,99,4,99,3,99,5,5,4,4,4,5,4,3,3,4,3,4,4,4,4,3,3,4,8,3,,,,4,2,4,1,3,3,4,4,3,3,3,3,2,2,2,2,5,5,4,4,5,4,3,3,3,3,3,4,3,8,4,3,2,5,4,5,5,8,3,5,5,7,1,1,4,11,0,0,,,4
7734,5,1022018,1,58,0,20,0,,1,1,,1,,,5,1,8,,,,5,1,5,1,3,1,5,5,4,4,4,5,5,5,4,5,4,4,4,4,4,4,3,3,7,3,,,,3,4,4,2,3,3,3,3,3,2,3,3,2,3,2,2,2,4,6,6,6,4,6,6,6,2,2,1,1,1,1,1,3,5,5,,,,,,,,,,,1,1,1,,,3
1451,5,1022018,0,52,0,0,0,,2,4,,0,,,1,3,,,,,5,2,4,4,2,2,5,5,5,4,4,4,4,4,4,5,5,5,5,5,5,4,5,5,8,3,,,,3,2,2,2,2,2,3,4,4,2,3,1,1,1,3,3,0,1,5,5,4,5,4,3,3,3,4,3,7,7,9,8,4,5,4,6,1,4,4,4,2,1,1,3,4,10,0,0,,,4
8343,5,1022018,0,52,0,0,0,,2,4,,1,,,2,1,4,,,,5,2,5,2,5,1,5,4,4,4,4,3,3,4,4,5,5,5,5,4,5,5,4,4,9,1,2,,,,,,,,,,,,,,,,,,,,,2,2,2,1,2,2,2,8,8,5,8,2,2,2,2,5,4,6,3,4,4,5,4,1,2,5,7,10,0,0,,,4
5725,5,2022018,1,23,0,24,0,,1,1,,2,,,4,2,2,,,,,,,,,,,,,,,,,,,,,,,,,,,,,3,,,,3,4,2,1,1,1,2,2,2,1,2,1,2,1,1,1,0,0,1,1,1,1,1,1,1,9,9,8,8,3,8,9,2,,,,,6,3,5,7,7,1,4,2,6,1,1,,,4
6044,6,5022018,0,53,0,0,0,,3,3,,1,,,3,3,,,,,5,2,4,1,4,1,5,5,5,5,5,99,4,4,4,5,5,5,5,5,5,5,5,5,8,1,5,,kom in traject terecht te kijken wat ik kann,,,,,,,,,,,,,,,,,,,7,7,7,6,7,7,7,2,5,1,3,1,5,1,4,5,4,5,5,8,4,5,7,7,1,1,6,1,1,1,,,4
8797,6,5022018,0,64,0,1,0,,3,1,,0,,,5,2,2,,,,4,4,2,4,3,3,4,4,4,3,3,4,4,4,3,5,5,5,4,5,5,4,4,5,6,3,,,,3,4,4,3,3,3,3,3,2,2,2,2,3,3,2,1,4,3,1,1,2,2,2,2,3,3,2,8,9,8,9,9,1,2,4,,,8,3,4,3,7,4,8,4,5,1,1,,,2
8894,6,8022018,1,19,0,,0,,1,5,groep,1,,,2,2,2,,,,5,1,5,1,5,1,5,5,5,5,5,5,5,5,5,5,5,5,5,5,5,5,5,5,10,1,5,,not readable,5,5,5,5,5,5,5,5,5,5,5,5,5,5,5,5,4,3,9,9,9,9,9,9,9,9,9,9,9,9,9,9,6,5,5,5,6,8,4,8,1,7,7,3,4,4,1,1,,,4
3956,6,8022018,1,48,0,0,0,,1,1,,1,,,4,1,1,8,,,5,2,5,1,5,1,5,5,4,4,4,4,4,4,4,4,4,5,3,4,4,4,5,5,9,3,,,,4,5,5,2,4,5,5,5,5,5,5,5,3,3,4,2,5,4,5,7,6,5,5,6,8,7,5,2,3,2,2,5,3,5,4,5,5,8,2,5,6,7,1,1,3,5,1,1,,,4
5715,7,14022018,1,34,0,1,0,,1,3,,1,,,1,3,,,,,4,99,5,5,4,4,4,4,4,4,4,3,3,2,2,4,4,4,3,4,3,2,2,3,7,1,2,,,3,3,3,2,3,1,2,4,3,1,1,1,1,1,1,1,3,2,9,9,9,9,9,9,9,9,9,5,5,5,7,9,3,5,2,2,6,8,4,8,6,5,3,2,7,14,0,0,,,3
7527,7,14022018,0,26,0,1,0,,1,4,,3,4,,4,3,,,,,3,3,4,3,2,4,4,3,3,4,3,99,99,5,99,5,4,3,3,4,4,4,3,3,6,1,1,,,5,5,5,5,5,5,5,5,5,5,5,5,5,5,5,5,0,0,6,6,5,5,5,5,4,8,8,8,5,7,7,7,3,5,4,5,5,8,3,3,1,7,3,,8,14,0,0,,,3
9613,8,19022018,0,33,0,0,0,,1,3,,2,,,4,2,2,,,,4,2,5,2,4,1,3,3,2,4,4,4,2,4,2,4,4,3,3,4,3,3,3,4,7,3,,,,3,3,3,5,4,4,5,5,5,4,5,5,3,3,3,1,1,4,6,6,6,4,6,6,5,5,3,1,1,1,1,1,,,5,5,5,8,,,,,,,,10,0,0,,,3
2087,8,19022018,1,48,0,0,0,,3,1,,2,,,4,3,,,,,3,3,4,2,3,1,5,4,5,5,5,5,5,4,4,5,5,5,5,5,5,5,4,5,8,3,,,,3,3,3,4,4,4,4,4,4,3,4,4,4,4,4,3,2,4,3,3,3,3,3,3,3,4,5,2,3,3,5,6,3,5,4,5,5,8,3,5,1,,,,,9,0,0,,,
3996,8,21022018,0,59,25,25,0,,3,5,samenwonend met moeder,1,4,,5,2,8,,,,5,4,5,4,5,4,5,5,5,5,5,5,4,4,4,5,5,5,5,5,5,5,5,5,10,4,,,,4,5,3,3,3,3,4,3,4,1,1,1,2,1,1,1,2,3,4,5,3,2,2,3,5,8,6,6,5,5,4,7,2,,4,1,3,8,3,5,1,7,,,,4,1,1,,,5
7413,9,27022018,0,26,0,26,0,,1,2,,0,,,5,3,,,,,4,4,4,4,4,1,4,4,4,3,3,3,2,3,3,5,4,4,4,4,4,4,3,4,6,2,,,,2,3,1,1,1,5,3,5,1,1,1,3,1,1,1,3,2,5,1,1,1,1,1,1,1,9,9,9,9,1,9,9,2,5,4,5,5,8,2,5,8,7,1,3,2,14,0,0,,,4
4861,9,28022018,0,20,0,0,0,,1,1,,0,,,5,2,3,8,,,2,3,2,3,1,3,5,2,3,2,99,99,99,99,2,4,3,3,4,3,4,3,2,3,6,1,5,,ik heb werk gevonden,,,,,,,,,,,,,,,,,,,7,7,7,6,7,7,8,3,3,5,4,4,4,3,6,5,4,5,5,8,2,5,6,7,1,1,6,2,1,1,,,4
2112,9,28022018,1,29,0,2,0,,1,1,,0,,,0,2,,,,,4,4,4,4,4,4,4,4,4,4,4,4,4,4,4,4,4,4,4,4,4,4,4,4,8,1,,,,,,3,3,3,3,3,3,3,3,3,3,2,2,2,2,3,3,1,1,1,1,1,1,1,1,1,,6,6,6,6,,5,5,5,6,3,2,7,3,8,4,4,4,4,1,1,,,3
9703,9,28022018,0,30,0,20,0,,1,5,inwonend bij ouders,0,,,5,1,8,,,,4,1,5,2,5,1,4,4,5,3,4,4,4,5,5,5,5,5,5,5,5,5,5,5,9,2,,,,3,4,2,3,2,2,4,4,4,3,4,4,3,2,3,3,2,3,5,4,4,4,4,5,6,5,6,5,5,7,3,7,2,5,4,5,4,8,3,8,4,7,7,1,7,4,1,1,,,5
2572,9,28022018,1,53,0,0,0,,3,1,,0,,,4,1,2,,,,5,2,4,2,5,1,5,5,4,5,5,4,3,5,3,5,5,5,4,4,4,4,4,5,9,1,2,,,,,,,,,,,,,,,,,,,,,5,5,5,5,5,5,5,5,5,3,4,4,6,6,3,5,4,1,5,8,4,4,7,7,6,1,3,10,0,0,,,4
4169,10,5032018,0,64,0,0,0,,3,1,,4,6,,1,3,,,,,4,1,4,1,4,1,5,4,5,4,4,99,99,4,4,5,5,5,5,5,5,5,5,5,10,1,1,,,,,,,,,,,,,,,,,,,,,7,6,6,5,6,6,4,4,2,1,1,1,1,1,5,4,,,,,,,,,,,,10,0,0,,,4
8457,10,5032018,0,60,0,0,0,,3,1,,2,,,3,3,,,,,5,1,5,1,5,1,5,5,5,5,5,5,5,5,5,5,5,5,5,5,5,5,5,5,10,3,,,,5,5,5,1,5,5,5,5,5,1,3,3,2,2,2,2,1,4,8,8,8,8,8,8,8,1,1,1,1,1,1,1,3,5,2,5,5,4,3,5,7,7,7,4,7,1,1,1,,,4
4564,10,5032018,1,27,0,0,0,,1,5,inwonend bij ouders,2,,,3,2,2,,,,4,1,4,2,4,1,4,4,4,4,4,4,4,4,4,4,4,4,4,4,4,4,,4,8,3,,,,5,5,5,4,4,4,5,5,5,4,4,5,4,4,4,5,5,5,8,9,8,8,7,7,9,1,1,1,1,6,1,2,3,5,4,5,,8,3,5,1,3,7,1,7,3,1,1,,,4
1167,10,5032018,0,57,0,0,0,,3,1,,2,,,3,2,1,2,,,3,99,4,1,5,1,3,3,3,3,3,4,3,4,3,4,4,4,4,4,4,4,3,4,8,,,,,,,,,,,,,,,,,,,,,,,7,7,8,7,8,8,9,7,6,5,5,1,1,3,3,5,4,5,6,8,3,5,8,7,2,5,7,5,1,1,,,3
9956,10,6032018,1,19,0,0,0,,1,5,inwonend bij ouders,0,,,3,2,2,,,,4,2,4,2,3,99,4,4,4,4,4,4,4,4,4,4,4,4,4,4,4,4,99,3,8,3,,,,4,3,3,3,3,3,4,4,4,4,4,4,3,4,3,3,1,4,8,8,9,8,9,9,8,1,2,1,1,3,1,1,2,5,4,5,4,8,2,5,2,7,1,3,7,6,1,1,,,4
3990,10,7032018,0,49,0,0,0,,4,1,,4,,,3,3,,,,,4,4,4,2,4,2,4,4,4,4,4,4,4,4,4,5,5,5,5,5,5,5,5,5,9,4,,,,4,2,2,2,2,1,2,2,2,2,1,2,1,1,1,1,0,2,1,1,1,1,1,1,1,1,9,2,3,5,1,1,,,,,,,,,,,,,,4,1,1,,,4
8860,10,7032018,0,46,0,0,0,,1,3,,0,,,3,3,,,,,4,2,4,2,4,1,4,4,4,4,4,4,4,4,4,5,5,5,5,4,5,5,4,5,8,1,3,,,,,,,,,,,,,,,,,,,,,6,6,8,4,8,8,7,2,2,1,5,1,1,6,3,5,4,5,5,8,3,5,3,7,1,1,3,9,0,0,,,4
4496,10,9032018,1,26,0,0,0,,1,5,inwonend bij ouders,2,,,3,2,2,,,,99,99,99,99,99,99,4,4,4,4,4,4,4,4,4,4,4,4,4,4,4,4,4,4,8,2,,,,3,3,3,3,2,2,3,3,3,2,2,2,2,2,2,2,1,2,3,3,3,3,3,3,3,7,7,3,3,5,5,8,1,5,4,5,3,3,3,5,7,5,3,8,8,6,1,1,,,
5719,11,13032018,0,26,0,0,0,,1,5,alleen in begeleid wonen project,0,,,4,4,,,,,3,4,3,4,4,1,4,3,4,2,2,3,2,1,4,5,3,4,4,3,4,4,4,4,6,4,,,,3,2,3,1,1,2,5,5,2,2,2,3,2,2,2,3,,3,3,4,5,2,6,6,5,7,7,4,7,5,6,8,1,5,4,5,5,8,2,5,7,7,1,1,2,9,0,0,,,5
6975,11,15032018,1,44,7,7,0,,1,1,,1,,,4,3,,,,,5,,3,2,5,1,4,4,4,4,4,4,4,4,4,5,5,5,5,5,5,5,5,5,8,2,,,,3,5,4,3,3,3,4,4,4,3,3,3,2,2,2,2,2,4,1,5,5,2,2,2,5,5,5,5,5,5,5,5,2,5,4,5,5,8,,5,7,5,7,4,5,9,0,0,,,4
3212,11,16032018,1,25,0,0,0,,1,1,,0,,,4,2,1,2,,,4,1,4,1,4,1,5,5,4,5,4,4,4,4,4,5,4,4,4,4,5,5,4,5,9,1,1,,,,,,,,,,,,,,,,,,,,,3,5,5,4,5,5,5,5,2,1,1,3,1,5,2,5,5,5,3,8,6,5,2,7,5,8,1,6,1,1,,,4
3151,13,27032018,1,43,0,0,0,,1,3,,3,,,3,3,,,,,5,1,5,2,5,1,5,5,5,5,5,3,2,5,5,5,5,5,5,5,5,5,5,5,9,2,,,,2,2,1,2,2,2,2,3,2,1,1,2,1,1,1,1,5,4,4,3,5,3,2,7,5,5,7,6,3,1,2,4,2,5,4,5,6,8,2,5,8,7,1,1,2,10,0,0,,,4
1401,13,28032018,1,63,0,0,0,,4,1,,2,3,,4,3,,,,,1,3,3,3,3,1,4,3,4,4,4,3,3,4,5,5,5,5,4,4,5,5,5,4,8,1,2,,,,,,,,,,,,,,,,,,,,,2,2,2,2,2,2,2,7,2,2,2,2,2,2,2,5,4,6,5,8,4,5,3,1,7,3,2,2,1,1,,,3
7201,13,28032018,1,48,0,0,0,,1,1,,0,,,5,3,,,,,5,2,5,1,5,1,5,5,5,5,5,5,4,5,5,5,5,5,5,5,5,5,5,5,10,1,2,,,,,,,,,,,,,,,,,,,,,9,8,9,9,9,9,9,3,2,1,1,1,1,1,5,5,4,5,5,8,5,5,4,7,1,1,6,4,1,1,,,5
9080,13,29032018,1,58,0,0,0,,1,1,,1,,,3,3,,,,,4,2,4,2,4,2,4,4,4,4,4,4,99,4,4,5,5,5,5,4,4,5,5,5,8,3,,,,3,1,1,1,1,1,1,1,1,1,1,1,1,1,1,1,0,1,8,3,4,3,5,3,6,4,3,5,3,3,4,3,2,,,,,,,,,,,,,4,1,1,,,5
2858,13,30032018,0,65,0,0,0,,1,3,,0,,,3,3,,,,,4,3,2,4,4,3,4,4,4,4,4,99,99,4,4,4,4,4,4,4,4,4,4,4,8,2,,,,,,,,,,,,,,,,,,,,,,5,5,5,4,5,5,4,5,5,4,4,4,5,5,3,5,4,5,6,3,3,5,6,3,7,6,7,5,1,1,,,3
1799,13,30032018,0,27,0,0,0,,1,5,inwonend bij ouders,0,,,3,2,2,,,,3,2,2,4,5,2,5,4,4,4,99,99,99,5,4,5,5,5,5,5,5,5,5,5,8,2,,,,3,3,1,1,1,1,3,2,2,1,1,1,1,1,1,1,0,1,1,1,1,1,1,1,2,9,9,5,9,5,9,9,1,,,,,,,,,,,,,4,1,1,,,3
5264,14,3042018,1,33,0,0,0,,1,5,inwonend bij ouders,0,,,5,2,2,,,,5,2,5,2,5,1,5,5,4,4,4,4,4,4,4,5,5,5,5,5,5,5,5,5,9,3,,,,4,4,4,1,3,4,4,4,5,3,4,4,3,4,4,3,3,4,4,5,5,3,3,3,3,5,7,4,4,1,4,6,3,5,4,5,5,8,2,5,6,7,1,1,2,3,1,1,,,4
3961,14,4042018,1,20,0,0,0,,1,5,inwonend bij ouders,1,,,4,3,,,,,4,3,4,3,4,1,4,3,4,4,2,4,3,4,3,4,3,4,3,4,4,,,4,7,1,5,,Rea college,4,4,4,3,3,2,2,2,1,2,2,4,2,3,2,2,5,4,5,5,9,7,9,9,9,8,4,1,1,6,1,7,2,5,4,5,5,8,4,5,2,,3,3,7,6,1,1,,,4
2061,14,6042018,0,21,0,0,0,,,5,bij opa en oma met zon van 5,1,,,2,2,2,,,,4,2,4,2,4,2,4,4,4,4,4,4,3,4,4,4,4,4,4,4,4,4,4,4,8,4,4,,,4,3,3,2,1,2,3,3,2,2,2,2,2,2,2,2,3,2,5,7,7,8,8,7,7,4,4,4,4,4,4,3,3,5,4,5,4,8,4,5,1,7,4,3,3,14,0,0,,,4
5791,14,6042018,0,53,0,0,0,,2,4,,1,2,,1,4,,,,,4,99,4,99,4,99,4,4,4,4,4,4,4,4,2,4,4,4,4,3,4,4,4,4,7,2,,,,5,1,3,2,2,2,1,1,1,1,1,1,1,1,1,1,9,1,5,5,5,5,6,6,6,6,7,5,4,5,6,6,3,,,,,,,,,,,,,4,1,1,,,5
1958,14,6042018,1,57,0,0,0,,2,2,,1,2,,3,1,3,,,,4,4,4,4,4,4,4,4,4,4,4,4,4,4,4,4,4,4,4,4,4,4,4,4,7,3,,,,4,4,4,4,4,4,4,4,4,4,4,4,4,4,4,4,5,4,7,7,7,7,7,7,7,7,3,3,3,3,3,3,,,,,,,,,,,,,,4,1,1,,,5
8334,15,10042018,1,27,0,0,0,,1,1,,2,,,4,2,2,3,9,flexwerker,3,3,1,5,1,1,4,4,3,2,4,3,4,4,3,3,4,4,2,2,2,2,1,1,3,3,,,,5,5,5,5,5,5,5,5,5,1,2,5,3,1,2,1,2,4,1,1,3,1,4,2,8,6,7,3,9,2,9,8,2,5,4,5,6,8,3,5,3,7,1,1,1,3,1,1,,,3
1991,15,11042018,1,53,0,0,0,,2,2,,1,,,3,3,,,,,3,3,4,3,3,3,4,4,4,4,4,4,3,4,3,3,3,3,3,3,3,3,3,3,5,3,,,,5,5,5,5,5,5,3,3,3,3,3,3,3,3,3,3,3,2,5,5,5,5,5,5,5,5,5,5,5,5,5,5,3,5,3,1,6,4,4,3,4,3,4,6,7,3,1,1,,,3
5976,15,11042018,1,24,0,27,0,,1,5,post adres,0,,,1,4,,,,,4,2,4,2,4,2,4,4,4,4,4,4,4,4,4,4,4,4,4,2,4,4,4,4,10,2,,,,4,4,4,4,4,4,4,4,4,4,4,4,4,4,3,3,4,3,7,7,8,6,7,7,7,2,2,1,1,1,1,1,6,5,4,5,5,8,4,1,6,7,4,5,7,14,0,0,,,4
5994,16,17042018,0,38,0,0,0,,1,3,,1,,,4,2,2,8,,,4,2,4,2,4,2,4,4,4,4,4,4,4,4,4,4,4,4,4,4,4,4,4,4,9,4,,,,1,1,3,1,4,4,5,5,5,1,3,2,1,1,1,1,2,4,1,1,1,1,1,1,1,7,3,4,7,3,3,1,3,5,4,5,4,8,4,5,,,,,,3,1,1,,,2
5011,17,23042018,1,36,0,4,4,,1,1,,1,,,4,2,2,,,,4,2,4,2,4,1,4,4,4,4,4,4,4,4,4,4,4,4,4,4,4,4,4,4,7,3,,,,5,4,4,4,4,4,4,4,4,4,4,4,4,3,3,3,3,4,7,7,7,7,7,7,7,1,1,1,1,1,1,1,4,5,2,5,5,8,4,7,3,6,8,5,7,10,0,0,,,3
6359,17,24042018,0,63,0,0,0,,3,1,,2,,,4,1,2,,,,4,2,4,2,4,1,4,4,4,4,4,4,3,4,4,5,5,5,5,5,5,5,4,4,8,3,,,,5,3,4,2,1,2,3,3,4,2,2,2,2,2,2,1,1,3,6,4,7,4,7,7,7,5,5,2,1,1,6,7,4,5,4,5,5,8,3,5,8,7,1,4,3,2,1,1,,,5
6826,17,25042018,1,40,0,0,0,,2,2,,0,,,3,3,,,,,4,2,4,2,4,1,4,4,4,4,4,4,4,4,4,5,5,5,5,4,5,5,5,5,8,4,,,,4,4,3,3,3,3,3,4,4,4,4,4,3,3,3,3,2,3,,,,,,,,,,,,,,,,,,,,,,,,,,,,10,0,0,,,4
1511,17,25042018,0,40,0,0,0,,2,2,,0,,,2,1,1,,,,4,2,4,2,4,2,4,4,4,4,4,4,4,4,4,4,4,4,4,3,3,3,4,4,8,1,2,,,4,4,4,4,4,4,4,4,4,4,4,4,4,4,4,4,1,1,,,,,,,,,,,,,,,,,,,,,,,,,,,,10,0,0,,,4
7984,17,25042018,1,43,0,0,0,,1,1,,2,,,5,3,,,,,4,1,5,1,5,1,5,5,5,5,5,5,99,5,99,5,99,5,5,99,5,99,4,4,9,2,,,,,5,5,3,5,5,5,5,5,3,5,5,4,4,3,3,5,5,1,7,7,6,7,7,7,3,5,3,1,1,1,4,4,,,,,,,,,,,,,1,1,1,,,4
6134,17,26042018,0,31,0,0,7,,1,5,met zoon inwonend bij oom,4,,,4,3,,,,,5,1,4,1,5,1,5,5,5,5,5,99,99,5,5,5,5,5,5,5,5,5,5,5,10,2,,,,2,4,4,3,4,4,4,4,4,4,4,4,4,4,3,4,2,4,4,4,6,2,4,4,2,7,4,,3,3,3,4,3,5,4,5,5,8,3,5,8,7,1,1,6,1,1,1,,,4
7466,18,30042018,0,24,0,0,0,,1,1,,2,3,,4,3,,,,,5,4,5,4,5,1,4,4,4,4,4,,,,,,,,,,,,,,,1,2,,,,,,,,,,,,,,,,,,,,,1,1,3,2,1,1,1,7,7,5,5,5,7,7,1,5,5,1,6,2,2,5,5,5,6,4,8,14,0,0,,,4
1454,18,30042018,1,28,0,0,0,,1,1,,2,,,5,1,4,,,,4,4,4,2,4,2,4,5,5,5,5,3,4,3,4,5,5,5,5,5,5,5,5,5,9,1,5,,eigen onderneming,,,,,,,,,,,,,,,,,,,7,7,7,6,7,7,6,4,4,2,3,3,3,3,5,5,4,5,5,8,2,5,6,7,1,3,6,1,1,1,,,5
1509,18,3051018,0,25,0,0,0,,1,5,inwonend bij ouders,2,,,5,2,2,,,,5,3,4,2,4,1,5,4,5,5,5,4,3,5,4,5,5,5,5,5,5,5,5,5,8,3,,,,4,5,5,2,4,4,5,5,5,1,2,3,1,1,2,1,4,4,2,4,2,2,3,2,3,7,6,4,6,2,6,8,2,5,4,5,5,8,4,5,6,7,1,1,3,13,0,0,,,4
1503,19,8052018,1,54,0,20,0,,3,1,,0,,,3,1,4,,,,4,2,4,2,4,2,4,4,4,4,4,4,4,4,4,4,4,4,4,4,4,4,4,4,8,3,,,,3,2,3,2,3,3,4,4,2,2,3,3,2,2,2,2,4,4,7,7,7,6,8,8,8,4,3,3,1,1,2,2,4,5,4,5,6,8,3,5,7,7,6,1,2,10,0,0,,,4
3431,20,14052018,1,24,0,0,0,,1,1,,3,,,3,2,1,,,,5,2,2,4,4,1,5,5,5,4,4,4,3,4,4,5,5,5,5,5,5,5,5,5,8,1,1,,,5,5,5,4,4,3,3,3,2,3,3,3,3,3,2,2,0,1,4,4,3,3,3,3,4,5,4,1,3,6,7,7,2,5,4,5,5,8,5,5,8,3,7,4,6,6,1,,,,
5899,20,14052018,1,30,0,2,2,0,1,5,inwonend met familie,0,,,2,4,,,,,4,2,4,2,5,2,4,5,4,4,4,4,4,4,4,5,4,5,4,,5,4,4,4,9,3,,,,3,3,,,3,2,2,3,3,,1,,,1,,,0,3,3,2,6,3,3,2,6,2,3,1,1,2,4,2,,6,2,6,5,8,8,6,7,5,7,7,7,1,1,1,,,4
6091,20,16052018,1,40,0,0,0,,1,1,,1,2,,3,2,2,3,8,,3,2,4,2,3,1,4,3,4,4,4,4,4,4,3,4,4,4,3,3,4,4,4,4,7,2,,,,2,3,3,2,2,1,2,3,2,2,2,2,1,1,2,1,3,3,1,1,1,1,1,1,1,8,6,1,2,6,3,3,2,5,4,5,2,4,3,5,2,7,7,1,1,2,1,1,,,4
6059,21,24042018,0,64,0,0,0,,2,2,,0,,,3,2,8,,,,5,1,5,1,5,1,5,5,5,5,5,99,99,5,5,5,5,5,5,5,5,5,5,5,10,1,5,,heb niet meer gewerkt vanaf mijn 34e,,,,,,,,,,,,,,,,,,,8,8,8,6,8,8,6,5,6,1,1,1,1,1,2,5,5,5,2,4,6,5,2,5,7,8,5,8,0,0,,,4
7461,21,24042018,1,64,0,0,0,,2,2,,4,,,3,1,9,,,interview verzorgen gedurend 7 uur per week,99,99,5,1,5,1,5,5,5,5,5,99,99,5,5,5,5,5,5,5,5,5,5,5,10,1,1,,,,,,,,,,,,,,,,,,,,,7,8,8,1,8,8,7,1,1,1,1,1,1,1,5,5,2,5,4,2,6,5,8,1,8,7,4,8,0,0,,,4
1042,22,29052018,1,19,2,2,6,,1,5,inwonend bij ouders,0,,,3,2,2,,,,5,2,5,1,5,1,5,5,5,5,5,5,5,5,5,5,5,5,5,5,5,5,5,5,10,3,,,,3,5,4,3,4,4,4,4,4,3,3,4,3,3,4,3,5,4,5,3,3,1,1,1,1,1,2,2,6,7,5,8,3,5,4,5,5,8,4,5,7,7,1,3,3,14,0,0,,,5
2826,23,4062018,1,51,0,2,11,,3,5,"alleen, in een studentenhuis met medebewoners",0,,,5,2,8,,,,5,2,5,5,5,1,5,5,3,2,5,99,99,99,5,5,5,5,5,5,4,5,5,5,9,2,,,,4,4,4,2,3,2,3,4,3,3,4,2,2,2,2,1,1,2,7,2,1,1,3,2,8,8,9,8,8,1,8,9,4,5,4,5,5,8,3,5,6,7,1,5,2,10,0,0,,,3
7207,23,5062018,0,42,0,0,0,,1,3,,1,,,4,2,2,,,,5,2,5,2,5,2,5,5,5,5,5,5,5,5,5,5,5,5,5,5,5,5,5,5,8,3,,,,5,5,3,3,4,4,4,5,5,4,4,4,3,3,4,3,2,4,5,5,6,3,5,3,5,8,8,3,5,3,4,8,5,5,4,5,6,8,3,4,2,7,7,1,4,10,0,0,,,4
6286,23,5062018,1,23,0,0,0,,1,3,,1,,,4,2,3,,,,4,4,4,3,4,1,4,4,4,4,4,4,4,4,4,4,4,4,4,4,4,4,4,4,8,3,,,,5,5,5,5,5,5,5,5,5,5,5,5,5,5,4,4,3,3,6,6,6,6,7,7,7,4,4,4,4,4,4,4,3,5,2,5,4,8,2,5,3,8,4,4,2,15,0,0,,,5
8978,24,13062018,0,20,0,0,0,,1,5,inwonend bij ouders,0,,,0,3,,,,,3,2,3,3,,2,4,4,4,4,4,4,4,4,4,4,4,4,4,4,4,3,4,4,5,3,,,,3,2,2,2,2,1,2,2,2,1,1,1,1,1,1,1,1,3,1,4,5,3,4,4,4,5,1,1,1,1,1,1,3,5,4,6,4,8,4,5,7,5,4,3,4,14,0,0,,,3
7484,24,13062018,0,18,0,0,0,,1,1,,0,,,3,2,1,,,,3,2,4,2,3,2,4,4,3,3,4,4,3,3,5,4,4,4,4,4,4,4,4,4,7,1,5,,ik heb een bijbaan,3,3,3,2,3,2,4,4,3,3,3,3,4,3,3,3,4,,2,2,2,2,2,2,2,5,5,5,5,5,5,5,3,5,4,5,5,8,8,5,8,7,1,1,7,6,1,1,,,3
4458,24,13062018,0,26,0,1,0,,1,5,met oma en moeder,0,,,3,3,,,,,4,3,5,2,5,2,5,5,5,5,5,4,4,5,5,5,5,5,5,5,5,5,5,5,8,2,,,,4,4,2,3,2,3,3,4,4,3,2,2,3,3,2,2,4,3,1,1,1,1,1,1,1,8,8,8,8,7,8,8,3,4,4,5,6,3,4,5,8,7,7,5,8,14,0,0,,,4
5490,24,15062018,0,19,0,0,0,,1,5,inwonend bij vader en broertje,0,,,4,2,2,8,,,5,2,4,3,5,1,5,5,5,5,5,99,99,3,5,5,5,5,5,5,5,5,5,5,9,1,1,,,,,,,,,,,,,,,,,,,,,1,2,1,1,1,1,2,8,2,2,7,2,9,6,1,5,4,5,6,8,4,5,8,7,4,1,6,3,1,1,,,3
6265,25,20062018,0,20,0,7,0,,1,1,,0,,,3,1,2,,,,4,2,4,2,4,1,4,4,4,4,4,4,4,4,4,4,3,4,4,2,4,4,4,4,8,2,,,,3,4,3,3,3,4,4,4,4,4,4,4,4,4,4,2,4,4,4,3,3,3,3,3,3,7,7,1,1,1,1,6,3,5,4,5,5,8,4,2,1,7,4,1,7,14,0,0,,,4
8935,26,25062018,1,26,7,7,7,,1,1,,1,,,4,2,6,7,8,,4,3,3,3,4,1,5,5,5,5,5,5,2,5,4,5,5,5,5,5,5,5,5,5,7,2,,,,3,5,4,3,4,3,5,5,5,5,4,5,4,5,3,3,1,4,4,4,7,3,3,,5,4,6,1,1,8,5,7,1,5,,5,1,8,4,,8,7,1,1,7,10,0,0,,,4
3447,27,2072018,0,23,0,0,0,,2,5,inwonend bij moeder,0,,,4,2,2,,,,4,2,5,1,4,1,5,5,5,5,5,99,99,5,5,5,5,5,5,5,5,5,5,5,8,2,,,,5,5,4,3,4,4,4,4,4,3,3,4,3,3,3,3,0,1,4,5,6,4,5,5,6,5,4,5,5,4,5,6,3,5,4,5,6,8,2,5,7,7,1,1,2,13,0,0,,,4
4789,27,3072018,1,51,0,0,0,,3,1,,2,,,4,1,3,,,,5,2,5,2,99,,5,4,3,4,5,4,4,4,3,5,4,4,5,5,5,5,4,5,9,2,,,,4,4,3,4,3,3,4,4,4,3,2,4,2,1,3,1,1,3,2,1,2,2,2,1,2,8,9,6,8,6,8,9,2,5,4,5,4,8,2,5,3,7,1,1,2,1,1,1,,,2
9381,30,24072018,0,37,0,0,0,,1,3,,1,,,3,2,2,8,,,4,2,4,2,3,1,5,4,5,5,5,4,4,5,99,5,5,5,5,5,5,5,4,5,10,2,,,,5,5,5,1,5,2,5,5,5,3,5,5,3,4,3,3,5,4,9,9,9,9,9,9,9,1,1,1,1,1,1,4,5,5,2,5,1,8,3,,4,7,3,1,1,1,1,1,,,3
9485,31,31072018,0,24,0,29,0,7,1,3,,1,,,1,2,2,,,,5,5,4,3,4,1,4,4,5,5,4,5,4,3,4,5,4,5,4,3,5,5,4,4,10,3,,,,3,5,3,3,3,4,4,5,4,4,3,2,2,2,1,2,4,3,5,5,7,3,5,7,9,,5,5,,,,,,5,4,1,6,8,1,8,5,4,7,5,7,1,1,0,3,Klant was niet in staat om dingen te benoemen. Zij gaaf steeds aan het niet te weten.,3
1818,32,9082018,0,22,0,30,12,,1,5,inwonend bij moeder,0,,,4,2,2,,,,4,99,4,2,4,2,4,4,4,99,99,4,4,3,4,4,4,5,4,5,4,4,4,4,8,2,,,,2,3,3,3,3,2,3,4,4,2,3,3,3,3,2,2,3,3,5,3,4,4,3,3,5,4,7,7,6,5,5,9,,5,5,5,6,8,4,6,8,6,4,3,7,6,1,1,,,4
6651,35,30082018,0,20,0,0,0,,1,5,inwonend bij moder,1,,,1,2,2,3,7,,4,2,3,3,5,1,4,3,4,4,4,99,99,5,5,5,3,5,4,5,4,5,5,4,8,1,5,,fact-team,3,2,1,1,2,2,3,5,2,2,2,4,2,2,1,1,,,1,1,1,1,1,1,1,9,6,1,1,1,9,9,2,5,4,5,5,8,3,5,6,7,7,4,6,6,1,1,,,4
3393,38,18092018,1,18,0,0,0,,1,5,pension Jekerzicht,1,,,4,1,2,3,,,5,2,5,2,5,1,5,5,5,5,5,5,5,5,4,5,5,5,5,5,5,5,5,5,8,3,,,,3,4,4,4,4,3,5,5,5,3,4,4,4,3,4,4,3,3,6,8,7,6,7,7,7,5,1,1,1,4,2,2,,5,4,5,1,8,8,5,4,3,8,7,8,6,1,1,,,4
9211,43,23102018,1,49,0,0,0,,1,1,,2,,,4,2,2,,,,4,2,4,2,4,2,5,5,5,5,5,4,4,4,4,5,5,4,5,4,4,4,4,4,8,4,,,,4,4,4,3,4,4,4,4,4,4,4,3,3,3,2,3,5,4,4,4,6,4,4,4,4,4,4,4,6,7,4,7,2,5,4,5,5,8,6,5,7,7,7,5,6,10,0,0,,,4
4620,43,23102018,0,64,0,0,0,,3,1,,0,,,3,3,,,,,5,2,4,2,4,2,4,4,4,4,4,4,4,4,4,5,5,5,5,5,5,5,5,5,9,3,,,,3,3,,1,1,1,1,1,1,1,1,1,1,1,1,1,0,1,1,1,1,1,1,1,1,9,7,6,6,1,6,7,4,5,4,1,5,,,,,,,,,10,0,0,,,4
